# categories 카테고리 삽입
insert into categories(category_id, category_name)
values(1, "자유"), (2, "문의"), (3, "후기"), (4, "소식");

# sido 코드 삽입
INSERT INTO sido (sido_code, sido_name) 
VALUES
(1, '서울'),
(2, '인천'),
(3, '대전'),
(4, '대구'),
(5, '광주'),
(6, '부산'),
(7, '울산'),
(8, '세종특별자치시'),
(31, '경기도'),
(32, '강원도'),
(33, '충청북도'),
(34, '충청남도'),
(35, '경상북도'),
(36, '경상남도'),
(37, '전라북도'),
(38, '전라남도'),
(39, '제주도');
select * from sido;

# gugun code 삽입
INSERT INTO gugun (sido_code, gugun_name, gugun_code) VALUES
(1, '강남구', 1),
(1, '강동구', 2),
(1, '강북구', 3),
(1, '강서구', 4),
(1, '관악구', 5),
(1, '광진구', 6),
(1, '구로구', 7),
(1, '금천구', 8),
(1, '노원구', 9),
(1, '도봉구', 10),
(1, '동대문구', 11),
(1, '동작구', 12),
(1, '마포구', 13),
(1, '서대문구', 14),
(1, '서초구', 15),
(1, '성동구', 16),
(1, '성북구', 17),
(1, '송파구', 18),
(1, '양천구', 19),
(1, '영등포구', 20),
(1, '용산구', 21),
(1, '은평구', 22),
(1, '종로구', 23),
(1, '중구', 24),
(1, '중랑구', 25),
(2, '강화군', 1),
(2, '계양구', 2),
(2, '미추홀구', 3),
(2, '남동구', 4),
(2, '동구', 5),
(2, '부평구', 6),
(2, '서구', 7),
(2, '연수구', 8),
(2, '옹진군', 9),
(2, '중구', 10),
(3, '대덕구', 1),
(3, '동구', 2),
(3, '서구', 3),
(3, '유성구', 4),
(3, '중구', 5),
(4, '남구', 1),
(4, '달서구', 2),
(4, '달성군', 3),
(4, '동구', 4),
(4, '북구', 5),
(4, '서구', 6),
(4, '수성구', 7),
(4, '중구', 8),
(5, '광산구', 1),
(5, '남구', 2),
(5, '동구', 3),
(5, '북구', 4),
(5, '서구', 5),
(6, '강서구', 1),
(6, '금정구', 2),
(6, '기장군', 3),
(6, '남구', 4),
(6, '동구', 5),
(6, '동래구', 6),
(6, '부산진구', 7),
(6, '북구', 8),
(6, '사상구', 9),
(6, '사하구', 10),
(6, '서구', 11),
(6, '수영구', 12),
(6, '연제구', 13),
(6, '영도구', 14),
(6, '중구', 15),
(6, '해운대구', 16),
(7, '중구', 1),
(7, '남구', 2),
(7, '동구', 3),
(7, '북구', 4),
(7, '울주군', 5),
(8, '세종특별자치시', 1),
(31, '가평군', 1),
(31, '고양시', 2),
(31, '과천시', 3),
(31, '광명시', 4),
(31, '광주시', 5),
(31, '구리시', 6),
(31, '군포시', 7),
(31, '김포시', 8),
(31, '남양주시', 9),
(31, '동두천시', 10),
(31, '부천시', 11),
(31, '성남시', 12),
(31, '수원시', 13),
(31, '시흥시', 14),
(31, '안산시', 15),
(31, '안성시', 16),
(31, '안양시', 17),
(31, '양주시', 18),
(31, '양평군', 19),
(31, '여주시', 20),
(31, '연천군', 21),
(31, '오산시', 22),
(31, '용인시', 23),
(31, '의왕시', 24),
(31, '의정부시', 25),
(31, '이천시', 26),
(31, '파주시', 27),
(31, '평택시', 28),
(31, '포천시', 29),
(31, '하남시', 30),
(31, '화성시', 31),
(32, '강릉시', 1),
(32, '고성군', 2),
(32, '동해시', 3),
(32, '삼척시', 4),
(32, '속초시', 5),
(32, '양구군', 6),
(32, '양양군', 7),
(32, '영월군', 8),
(32, '원주시', 9),
(32, '인제군', 10),
(32, '정선군', 11),
(32, '철원군', 12),
(32, '춘천시', 13),
(32, '태백시', 14),
(32, '평창군', 15),
(32, '홍천군', 16),
(32, '화천군', 17),
(32, '횡성군', 18),
(33, '괴산군', 1),
(33, '단양군', 2),
(33, '보은군', 3),
(33, '영동군', 4),
(33, '옥천군', 5),
(33, '음성군', 6),
(33, '제천시', 7),
(33, '진천군', 8),
(33, '청원군', 9),
(33, '청주시', 10),
(33, '충주시', 11),
(33, '증평군', 12),
(34, '공주시', 1),
(34, '금산군', 2),
(34, '논산시', 3),
(34, '당진시', 4),
(34, '보령시', 5),
(34, '부여군', 6),
(34, '서산시', 7),
(34, '서천군', 8),
(34, '아산시', 9),
(34, '예산군', 11),
(34, '천안시', 12),
(34, '청양군', 13),
(34, '태안군', 14),
(34, '홍성군', 15),
(34, '계룡시', 16),
(35, '경산시', 1),
(35, '경주시', 2),
(35, '고령군', 3),
(35, '구미시', 4),
(35, '군위군', 5),
(35, '김천시', 6),
(35, '문경시', 7),
(35, '봉화군', 8),
(35, '상주시', 9),
(35, '성주군', 10),
(35, '안동시', 11),
(35, '영덕군', 12),
(35, '영양군', 13),
(35, '영주시', 14),
(35, '영천시', 15),
(35, '예천군', 16),
(35, '울릉군', 17),
(35, '울진군', 18),
(35, '의성군', 19),
(35, '청도군', 20),
(35, '청송군', 21),
(35, '칠곡군', 22),
(35, '포항시', 23),
(36, '거제시', 1),
(36, '거창군', 2),
(36, '고성군', 3),
(36, '김해시', 4),
(36, '남해군', 5),
(36, '마산시', 6),
(36, '밀양시', 7),
(36, '사천시', 8),
(36, '산청군', 9),
(36, '양산시', 10),
(36, '의령군', 12),
(36, '진주시', 13),
(36, '진해시', 14),
(36, '창녕군', 15),
(36, '창원시', 16),
(36, '통영시', 17),
(36, '하동군', 18),
(36, '함안군', 19),
(36, '함양군', 20),
(36, '합천군', 21),
(37, '고창군', 1),
(37, '군산시', 2),
(37, '김제시', 3),
(37, '남원시', 4),
(37, '무주군', 5),
(37, '부안군', 6),
(37, '순창군', 7),
(37, '완주군', 8),
(37, '익산시', 9),
(37, '임실군', 10),
(37, '장수군', 11),
(37, '전주시', 12),
(37, '정읍시', 13),
(37, '진안군', 14),
(38, '강진군', 1),
(38, '고흥군', 2),
(38, '곡성군', 3),
(38, '광양시', 4),
(38, '구례군', 5),
(38, '나주시', 6),
(38, '담양군', 7),
(38, '목포시', 8),
(38, '무안군', 9),
(38, '보성군', 10),
(38, '순천시', 11),
(38, '신안군', 12),
(38, '여수시', 13),
(38, '영광군', 16),
(38, '영암군', 17),
(38, '완도군', 18),
(38, '장성군', 19),
(38, '장흥군', 20),
(38, '진도군', 21),
(38, '함평군', 22),
(38, '해남군', 23),
(38, '화순군', 24),
(39, '남제주군', 1),
(39, '북제주군', 2),
(39, '서귀포시', 3),
(39, '제주시', 4);
select * from gugun;

-- 유저 정보
INSERT INTO user (user_id, user_password, user_name, user_tel, user_birth, user_email_id, user_email_domain, regdate, profile_image, sido_code, gugun_code, token)
VALUES
('admin','$2a$10$UEX2FFXrpLYOBMAlCdrfJu.zccNDCo35/7u.efvjhmajZFyp1pBLu','어드민','010-1111-1111','2017-10-26','admin','google.com','2024-05-23 23:54:29',NULL,'2','1',NULL),
('hongi','$2a$10$owt8eTYozNGGBaORFCaMn.9hmlUDffmt3G3pI2JlLJTLdIJ2tyhMC','홍길동','010-3333-3333','1998-08-29','hongi','google.com','2024-05-23 23:55:47',NULL,'3','3',NULL),
('ssafy','$2a$10$Gn0c48bWu9dSqSPZN/0LoOgbEMpXGHqiDVWZ3mBXZ0sd9AeCQa7jy','김싸피','010-0000-0000','2018-07-28','ssafy','google.com','2024-05-23 23:53:29',NULL,'35','4',NULL),
('user4','$2a$10$ulE7FYdeItyidw4rA7LW7.1v35c10N0nUgV37tXCR7Y2VJiVn.7Qy','유저4','010-4444-4444','2000-01-01','user4','google.com','2024-05-23 23:59:59',NULL,'7','2',NULL),
('user5','$2a$10$06sFZK9kWyLbUGmCqSOwmeH0mGqAG/0b94zrjwcI9E8ELVSvWmwNe','유저5','010-5555-5555','1995-05-05','user5','google.com','2024-05-23 23:59:59',NULL,'11','5',NULL),
('user6','$2a$10$kGpMkZiHToP/XUwJABpp1eSLy1nS3it9G0/ZV.5MjyU01b3vHoXwe','유저6','010-6666-6666','1988-12-12','user6','google.com','2024-05-23 23:59:59',NULL,'17','11',NULL),
('user7','$2a$10$1L88j7yFEG7gNMzshfjYUOZwRtQZJ4nYYJFU4/yX7Bj5rqxhtok4W','유저7','010-7777-7777','1999-09-09','user7','google.com','2024-05-23 23:59:59',NULL,'25','6',NULL),
('user8','$2a$10$owt8eTYozNGGBaORFCaMn.9hmlUDffmt3G3pI2JlLJTLdIJ2tyhMC','유저8','010-8888-8888','2002-02-02','user8','google.com','2024-05-23 23:59:59',NULL,'32','10',NULL);

SELECT * FROM user;

-- 자유게시판
INSERT INTO free_board (user_id, title, content, regdate, hit, category_id)
VALUES
('user6','일곱 번째 자유로운 글','<h1>일곱 번째 자유롭게 써봅니다.</h1>','2024-05-24 20:45:00','0','1'),
('hongi','좋은 소식 공유','<p>좋은 소식을 함께 나눠요!</p>','2024-05-24 21:15:00','0','3'),
('user8','부산 여행 후기','<p>부산 여행을 다녀왔어요.</p>','2024-05-24 21:00:00','0','1'),
('user7','IT 트렌드 소개','<p>최신 IT 트렌드에 대해 알아봅니다.</p>','2024-05-24 21:45:00','0','4'),
('hongi','일상 이야기','<p>오늘 있었던 일상 이야기를 나눠요.</p>','2024-05-24 21:30:00','0','3'),
('ssafy','개발 팁 공유','<p>개발에 관련된 유용한 팁을 공유해요.</p>','2024-05-24 22:00:00','0','4'),
('user4','오늘의 이야기','<p>오늘 있었던 이야기를 나눠요.</p>','2024-05-24 22:15:00','0','2'),
('admin','여덟 번째 자유로운 글','<h1>여덟 번째 자유롭게 써봅니다.</h1>','2024-05-24 22:45:00','0','1'),
('user4','여행 계획 공유','<p>다음 여행 계획을 함께 공유해요.</p>','2024-05-24 22:30:00','0','2'),
('admin','제주도 여행 후기','<p>제주도 여행을 다녀왔어요.</p>','2024-05-24 23:00:00','0','1'),
('hongi','좋은 소식 공유','<p>좋은 소식을 함께 나눠요!</p>','2024-05-24 23:15:00','0','3'),
('hongi','일상 이야기','<p>오늘 있었던 일상 이야기를 나눠요.</p>','2024-05-24 23:30:00','0','3'),
('ssafy','IT 트렌드 소개','<p>최신 IT 트렌드에 대해 알아봅니다.</p>','2024-05-24 23:45:00','0','4'),
('ssafy','개발 팁 공유','<p>개발에 관련된 유용한 팁을 공유해요.</p>','2024-05-25 00:00:00','0','4'),
('user4','오늘의 이야기','<p>오늘 있었던 이야기를 나눠요.</p>','2024-05-25 00:15:00','0','2'),
('admin','강원도 여행 후기','<p>강원도 여행을 다녀왔어요.</p>','2024-05-25 01:00:00','0','1'),
('ssafy','여행 계획 공유','<p>다음 여행 계획을 함께 공유해요.</p>','2024-05-25 00:30:00','0','2'),
('admin','아홉 번째 자유로운 글','<h1>아홉 번째 자유롭게 써봅니다.</h1>','2024-05-25 00:45:00','0','1'),
('hongi','좋은 소식 공유','<p>좋은 소식을 함께 나눠요!</p>','2024-05-25 01:15:00','0','3'),
('hongi','일상 이야기','<p>오늘 있었던 일상 이야기를 나눠요.</p>','2024-05-25 01:30:00','0','3'),
('ssafy','IT 트렌드 소개','<p>최신 IT 트렌드에 대해 알아봅니다.</p>','2024-05-25 01:45:00','0','4'),
('ssafy','개발 팁 공유','<p>개발에 관련된 유용한 팁을 공유해요.</p>','2024-05-25 02:00:00','0','4');

select * from free_board;

-- 공지사항
INSERT INTO notice_board (admin_id, notice_content, regdate, title)
VALUES
('admin', '<p>공지사항 내용입니다.</p>', '2024-05-25 10:00:00', '시스템 업데이트 안내'),
('admin', '<p>중요한 내용을 알려드립니다.</p>', '2024-05-25 11:00:00', '긴급 공지: 서비스 장애 안내'),
('admin', '<p>이번 주차 중 특별 이벤트를 진행합니다.</p>', '2024-05-25 12:00:00', '이번 주 이벤트 안내'),
('admin', '<p>정기 점검 일정이 변경되었습니다.</p>', '2024-05-25 13:00:00', '서버 정기 점검 안내'),
('admin', '<p>신규 서비스 출시 안내입니다.</p>', '2024-05-25 14:00:00', '새로운 서비스 론칭'),
('admin', '<p>서비스 이용 방법에 대한 안내입니다.</p>', '2024-05-25 15:00:00', '서비스 이용 안내'),
('admin', '<p>시스템 오류로 인한 이용자들에게 사과의 말씀 드립니다.</p>', '2024-05-25 16:00:00', '서비스 장애 사과'),
('admin', '<p>이번 달 사용자 대상 이벤트를 안내합니다.</p>', '2024-05-25 17:00:00', '이번 달 이벤트 안내'),
('admin', '<p>자주 묻는 질문에 대한 답변을 안내합니다.</p>', '2024-05-25 18:00:00', 'FAQ 업데이트 안내'),
('admin', '<p>서비스 이용 약관이 변경되었습니다.</p>', '2024-05-25 19:00:00', '약관 변경 공지');
select * from notice_board;

SELECT * FROM travel_route_board;

-- 여행 경로 게시판
INSERT INTO travel_route_board (user_id, title, content, startdate, enddate, favorite_count, total_distance)
VALUES
('ssafy', '경북도 소풍', '자연이 아름다워요', '2024-05-26', '2024-05-27', '0', '0'),
('user4', '전남도 여행', '전남도 맛집을 탐방했어요', '2024-05-26', '2024-05-27', '0', '0'),
('admin', '제천 레일바이크', '레일바이크를 타고 왔어요', '2024-05-26', '2024-05-27', '0', '0'),
('hongi', '전라도 자전거 여행', '자전거 타는 재미를 느꼈어요', '2024-05-26', '2024-05-27', '0', '0'),
('ssafy', '강원도 스키장', '스키를 타고 왔어요', '2024-05-26', '2024-05-27', '0', '0'),
('user4', '부산 시티투어', '부산을 한 바퀴 돌았어요', '2024-05-26', '2024-05-27', '0', '0'),
('admin', '서울 동물원', '동물들을 구경했어요', '2024-05-26', '2024-05-27', '0', '0'),
('hongi', '제주도 자유여행', '제주도를 돌아다녔어요', '2024-05-26', '2024-05-27', '0', '0'),
('ssafy', '경기도 수목원', '수목원을 돌아다녔어요', '2024-05-26', '2024-05-27', '0', '0'),
('user4', '인천 미래인재교육원', '미래인재교육원을 방문했어요', '2024-05-26', '2024-05-27', '0', '0'),
('ssafy', '충북도 여행', '충북도를 여행했어요', '2024-05-26', '2024-05-27', '0', '0'),
('user4', '전북도 여행', '전북도를 여행했어요', '2024-05-26', '2024-05-27', '0', '0'),
('admin', '강원도 여행', '강원도를 여행했어요', '2024-05-26', '2024-05-27', '0', '0'),
('hongi', '경남도 여행', '경남도를 여행했어요', '2024-05-26', '2024-05-27', '0', '0'),
('ssafy', '제주도 여행', '제주도를 여행했어요', '2024-05-26', '2024-05-27', '0', '0'),
('user4', '서울 여행', '서울을 여행했어요', '2024-05-26', '2024-05-27', '0', '0'),
('admin', '부산 여행', '부산을 여행했어요', '2024-05-26', '2024-05-27', '0', '0'),
('hongi', '인천 여행', '인천을 여행했어요', '2024-05-26', '2024-05-27', '0', '0'),
('ssafy', '대전 여행', '대전을 여행했어요', '2024-05-26', '2024-05-27', '0', '0'),
('ssafy', '강원도 여행', '경기도를 여행했어요', '2024-05-26', '2024-05-27', '0', '0'),
('user4', '부산 여행', '전남도를 여행했어요', '2024-05-26', '2024-05-27', '0', '0'),
('admin', '제주 여행', '경북도를 여행했어요', '2024-05-26', '2024-05-27', '0', '0'),
('hongi', '충북 여행', '충남도를 여행했어요', '2024-05-26', '2024-05-27', '0', '0'),
('ssafy', '전라도 여행', '전주를 여행했어요', '2024-05-26', '2024-05-27', '0', '0'),
('user4', '대전 여행', '경주를 여행했어요', '2024-05-26', '2024-05-27', '0', '0'),
('admin', '서울 여행', '강릉을 여행했어요', '2024-05-26', '2024-05-27', '0', '0'),
('hongi', '인천 여행', '울산을 여행했어요', '2024-05-26', '2024-05-27', '0', '0'),
('ssafy', '경남 여행', '제천을 여행했어요', '2024-05-26', '2024-05-27', '0', '0');

SELECT * FROM travel_route_board;

-- 여행지 경로 순서
INSERT INTO travel_route_order (trb_no, content_id, `order`)
VALUES
('1', '1756254', '2'),
('1', '1801011', '3'),
('1', '1610456', '1'),
('2', '125420', '2'),
('2', '125432', '4'),
('2', '125418', '1'),
('2', '125431', '3'),
('3', '140879', '2'),
('3', '140752', '1'),
('3', '141181', '3'),
('4', '132012', '2'),
('4', '132010', '3'),
('4', '131982', '1'),
('5', '1610456', '3'),
('5', '1756254', '2'),
('5', '1801011', '1'),
('6', '125418', '4'),
('6', '125420', '1'),
('6', '125431', '2'),
('6', '125432', '3'),
('7', '140752', '3'),
('7', '140879', '1'),
('7', '141181', '2'),
('8', '131982', '1'),
('8', '132010', '3'),
('8', '132012', '2'),
('9', '1801011', '3'),
('9', '1756254', '2'),
('9', '1610456', '1'),
('10', '125420', '4'),
('10', '125432', '1'),
('10', '125431', '2'),
('10', '125418', '3'),
('11', '140879', '3'),
('11', '140752', '1'),
('11', '141181', '2'),
('12', '132012', '1'),
('12', '132010', '3'),
('12', '131982', '2'),
('13', '1756254', '3'),
('13', '1801011', '2'),
('13', '1610456', '1'),
('14', '125420', '4'),
('14', '125431', '1'),
('14', '125432', '2'),
('14', '125418', '3'),
('15', '140879', '3'),
('15', '140752', '1'),
('15', '141181', '2'),
('16', '132012', '1'),
('16', '131982', '3'),
('16', '132010', '2'),
('17', '1801011', '3'),
('17', '1756254', '2'),
('17', '1610456', '1'),
('18', '125420', '4'),
('18', '125432', '1'),
('18', '125431', '2'),
('18', '125418', '3'),
('19', '140879', '3'),
('19', '140752', '1'),
('19', '141181', '2'),
('20', '132012', '1'),
('20', '132010', '3'),
('20', '131982', '2'),
('21', '1756254', '3'),
('21', '1801011', '2'),
('21', '1610456', '1'),
('22', '125420', '4'),
('22', '125431', '1'),
('22', '125432', '2'),
('22', '125418', '3'),
('23', '140879', '3'),
('23', '140752', '1'),
('23', '141181', '2'),
('24', '132012', '1'),
('24', '132010', '3'),
('24', '131982', '2'),
('25', '1756254', '3'),
('25', '1801011', '2'),
('25', '1610456', '1'),
('26', '125420', '4'),
('26', '125432', '1'),
('26', '125431', '2'),
('26', '125418', '3'),
('27', '140879', '3'),
('27', '140752', '1'),
('27', '141181', '2'),
('28', '132012', '1'),
('28', '132010', '3'),
('28', '131982', '2'),
('29', '131123', '1'),
('30', '131982', '1'),
('30', '132010', '2'),
('30', '132012', '3'),
('31', '1756254', '1'),
('31', '1801011', '2'),
('31', '1610456', '3'),
('32', '125420', '1'),
('32', '125432', '2'),
('32', '125431', '3'),
('32', '125418', '4'),
('33', '140879', '1'),
('33', '140752', '2'),
('33', '141181', '3'),
('34', '132012', '1'),
('34', '132010', '2'),
('34', '131982', '3'),
('35', '1756254', '1'),
('35', '1801011', '2'),
('35', '1610456', '3'),
('36', '125420', '1'),
('36', '125432', '2'),
('36', '125431', '3'),
('36', '125418', '4'),
('37', '140879', '1'),
('37', '140752', '2'),
('37', '141181', '3'),
('38', '132012', '1'),
('38', '132010', '2'),
('38', '131982', '3'),
('39', '1756254', '1'),
('39', '1801011', '2'),
('39', '1610456', '3'),
('40', '125420', '1'),
('40', '125432', '2'),
('40', '125431', '3'),
('40', '125418', '4'),
('41', '140879', '1'),
('41', '140752', '2'),
('41', '141181', '3'),
('42', '132012', '1'),
('42', '132010', '2'),
('42', '131982', '3'),
('43', '1756254', '1'),
('43', '1801011', '2'),
('43', '1610456', '3'),
('44', '125420', '1'),
('44', '125432', '2'),
('44', '125431', '3'),
('44', '125418', '4'),
('45', '140879', '1'),
('45', '140752', '2'),
('45', '141181', '3'),
('46', '132012', '1'),
('46', '132010', '2'),
('46', '131982', '3'),
('47', '1756254', '1'),
('47', '1801011', '2'),
('47', '1610456', '3'),
('48', '125420', '1'),
('48', '125432', '2'),
('48', '125431', '3'),
('48', '125418', '4'),
('49', '140879', '1'),
('49', '140752', '2'),
('49', '141181', '3'),
('50', '132012', '1'),
('50', '132010', '2'),
('50', '131982', '3'),
('51', '140879', '1'),
('51', '140752', '2'),
('51', '141181', '3'),
('52', '132012', '1'),
('52', '132010', '2'),
('52', '131982', '3'),
('53', '1756254', '1'),
('53', '1801011', '2'),
('53', '1610456', '3'),
('54', '125420', '1'),
('54', '125432', '2'),
('54', '125431', '3'),
('54', '125418', '4'),
('55', '140879', '1'),
('55', '140752', '2'),
('55', '141181', '3'),
('56', '132012', '1'),
('56', '132010', '2'),
('56', '131982', '3'),
('57', '1756254', '1'),
('57', '1801011', '2'),
('57', '1610456', '3'),
('58', '125420', '1'),
('58', '125432', '2'),
('58', '125431', '3'),
('58', '125418', '4'),
('59', '140879', '1'),
('59', '140752', '2'),
('59', '141181', '3'),
('60', '132012', '1'),
('60', '132010', '2'),
('60', '131982', '3');

SELECT * FROM travel_route_order;
